<?xml version="1.0" encoding="UTF-8"?>
<project-private xmlns="http://www.netbeans.org/ns/project-private/1">
    <editor-bookmarks xmlns="http://www.netbeans.org/ns/editor-bookmarks/2" lastBookmarkId="0"/>
    <open-files xmlns="http://www.netbeans.org/ns/projectui-open-files/2">
        <group>
            <file>file:/Users/apple/Desktop/c7/fsm_game.c</file>
            <file>file:/Users/apple/Desktop/c7/config.h</file>
            <file>file:/Users/apple/Desktop/c7/fsm_ioexp.c</file>
            <file>file:/Users/apple/Desktop/c7/fsm_io.c</file>
        </group>
    </open-files>
</project-private>
